{"id":"8c91b76e-e971-45f2-9c4b-36630e74ce7a","timestamp":1761193407886,"matcher":{"static":{},"wildcard":{},"dynamic":{}},"prerendered":["/","/account-settings","/data-master-konten/program-unggulan","/data-master-konten/siswa-prestasi","/data-master-konten/galeri","/data-master-konten/artikel","/data-master-konten/pengurus-yayasan","/data-master-konten/prestasi-sekolah","/data-master-konten/profile-web","/data-master-konten/fasilitas","/data-master/pendaftar","/data-master/sekolah/programunit","/data-master/sekolah/prestasiunit","/data-master/sekolah","/data-master/karyawan","/pendaftaran_odl","/data-master/beasiswa","/data-master/diskon","/data-master/bank-account","/ppdb","/profile","/pendaftaran","/testimoni","/login","/setting/roles","/register-ppdb","/laporan/spmb","/setting/whatsapp-log","/data-master/sekolah/eskullunit","/setting/whatsapp-setting","/oauth/callback","/profile/AccountSettingsNotification","/profile/AccountSettingsSecurity","/setting/menu"]}