{"id":"b6c1ca02-5ca4-4c16-ab31-1ce3aa0b96d4","timestamp":1761112992888,"matcher":{"static":{},"wildcard":{},"dynamic":{}},"prerendered":["/","/account-settings","/data-master-konten/siswa-prestasi","/data-master-konten/fasilitas","/data-master-konten/artikel","/data-master-konten/pengurus-yayasan","/data-master-konten/galeri","/data-master-konten/profile-web","/data-master-konten/program-unggulan","/data-master-konten/prestasi-sekolah","/pendaftaran_odl","/profile","/data-master/sekolah/eskullunit","/testimoni","/register-ppdb","/ppdb","/data-master/sekolah/prestasiunit","/data-master/diskon","/data-master/pendaftar","/data-master/karyawan","/data-master/beasiswa","/data-master/bank-account","/pendaftaran","/data-master/sekolah","/laporan/spmb","/login","/data-master/sekolah/programunit","/oauth/callback","/setting/menu","/setting/roles","/profile/AccountSettingsNotification","/setting/whatsapp-log","/profile/AccountSettingsSecurity","/setting/whatsapp-setting"]}